,날짜,평균  기온,최고  기온,최저  기온,강수량(mm),신적설(cm),평균  풍속(m/s),평균  습도  (%),운량(1/10),일조  시간  (Hr),날씨
0,2018년 01월01일 (월),-1.3,3.8,-5.1,-,-,1.5,39,1,8.3,맑음
1,2018년 01월02일 (화),-1.8,1.8,-4.3,-,-,1.8,42,2.2,7.9,구름조금
2,2018년 01월03일 (수),-4.7,-0.4,-7.1,-,-,2.1,42,3.6,8.6,구름조금
3,2018년 01월04일 (목),-4.7,-0.7,-8.7,-,-,1.4,43,6.5,6.2,구름많음
4,2018년 01월05일 (금),-3,1.6,-5.6,-,-,1.7,48,3.6,8.2,구름조금
5,2018년 01월06일 (토),-2.8,2.9,-6.8,-,-,1.4,46,0,8.8,맑음
6,2018년 01월07일 (일),-0.8,2.8,-5.7,-,-,0.8,42,7.5,3.1,구름많음
7,2018년 01월08일 (월),1.3,4,-1.2,0.9,1,1.9,52,9,0.5,흐림/눈/안개
8,2018년 01월09일 (화),-4.2,-1.2,-6.1,0.5,0.5,2.8,59,3.5,8.4,구름조금/눈
9,2018년 01월10일 (수),-7.5,-4.8,-10.3,0.3,0.3,3,52,0.9,8.8,맑음/눈
10,2018년 01월11일 (목),-11.1,-7.4,-13.6,-,-,2.6,50,0.4,8.7,맑음
11,2018년 01월12일 (금),-10.2,-5.4,-15.3,0,-,1.8,35,2.2,8.8,구름조금/눈
12,2018년 01월13일 (토),-4.4,-1.2,-6.6,0.4,0.6,0.8,67,8.2,0.9,흐림/눈/안개
13,2018년 01월14일 (일),0.6,5.4,-4.4,-,-,1.1,64,7,5.6,구름많음/안개
14,2018년 01월15일 (월),4.7,7.7,1.8,0.2,-,1.5,64,7.6,6.5,구름많음/비/안개
15,2018년 01월16일 (화),3.5,6.8,0.1,0,-,0.7,59,9.8,0.5,흐림/비/안개
16,2018년 01월17일 (수),4.5,8.7,2.4,-,-,1.3,64,7.4,4.8,구름많음/안개
17,2018년 01월18일 (목),2.1,4.5,0.3,0,-,1.9,60,8.6,2.4,흐림/비/안개/진눈개비
18,2018년 01월19일 (금),1,5.5,-2.5,-,-,1.6,43,3.8,8.7,구름조금
19,2018년 01월20일 (토),2.2,6.9,-1,-,-,1.6,58,5.1,5.3,구름많음/안개
20,2018년 01월21일 (일),0.4,5.5,-3.7,-,-,1.1,37,2,8.2,구름조금/안개
21,2018년 01월22일 (월),0.2,4,-5.3,3.3,1,1.5,57,9.4,0.7,흐림/눈/비/안개/진눈개비
22,2018년 01월23일 (화),-11.7,-5.3,-14.6,-,-,3.7,42,0.2,9.1,맑음
23,2018년 01월24일 (수),-14.2,-10.7,-16.3,-,-,3.4,32,0,8.9,맑음
24,2018년 01월25일 (목),-14,-9.5,-16.4,-,-,2.8,33,3.6,8.3,구름조금
25,2018년 01월26일 (금),-14.8,-10.7,-17.8,-,-,2.5,35,0,7.9,맑음
26,2018년 01월27일 (토),-9.9,-3.5,-15.9,-,-,1.6,37,1.8,9,맑음
27,2018년 01월28일 (일),-6.3,-1.2,-9.3,-,-,2.6,36,3.2,7.6,구름조금
28,2018년 01월29일 (월),-8.5,-4.7,-11.6,-,-,2.7,35,0.1,8.9,맑음
29,2018년 01월30일 (화),-5.3,-0.8,-11.4,2.9,3.5,1.2,62,5.8,5.6,구름많음/눈
30,2018년 01월31일 (수),-2.6,0,-5.2,0,-,1.7,55,7.4,1.8,구름많음/눈/안개
31,2018년 02월01일 (목),-4,1.2,-8.8,-,-,1.6,44,0,9.1,맑음
32,2018년 02월02일 (금),-2.4,3.8,-7.6,-,-,1.7,51,1.9,8.8,맑음
33,2018년 02월03일 (토),-7.3,-2.1,-10.4,0.5,0.3,3.8,47,1.2,9.1,맑음/눈
34,2018년 02월04일 (일),-9.5,-5.2,-12.8,-,-,3.1,41,0,9.1,맑음
35,2018년 02월05일 (월),-9.4,-5.1,-11.8,-,-,3.1,38,0.1,9.3,맑음
36,2018년 02월06일 (화),-10.1,-5.8,-12.8,-,-,3,37,1.1,9,맑음
37,2018년 02월07일 (수),-8,-1.6,-13.4,-,-,1.6,40,1,9.2,맑음
38,2018년 02월08일 (목),-4.4,2,-9.7,-,-,1.2,43,0.2,9.2,맑음
39,2018년 02월09일 (금),0.4,6.1,-5.3,-,-,1.1,44,9.1,2.2,흐림/안개
40,2018년 02월10일 (토),-0.5,3.2,-6.9,-,-,3.1,47,6.5,5.3,구름많음/안개
41,2018년 02월11일 (일),-6.1,-2.2,-9.5,0,-,2.7,43,3.5,6.6,구름조금/눈
42,2018년 02월12일 (월),-5.8,-1.8,-9.6,0,-,2.7,41,4.1,8.7,구름조금/눈
43,2018년 02월13일 (화),-0.9,4.3,-7.4,-,-,2.7,55,3.1,8.3,구름조금
44,2018년 02월14일 (수),3.5,8.7,-0.7,-,-,2.5,51,7.4,3.3,구름많음/안개
45,2018년 02월15일 (목),-0.7,4,-3.7,-,-,2.3,28,3.8,8.5,구름조금
46,2018년 02월16일 (금),-1.1,4.9,-5.5,-,-,2.1,40,3.2,9.7,구름조금
47,2018년 02월17일 (토),-3,1.4,-7.1,-,-,2.7,26,1.9,9,맑음
48,2018년 02월18일 (일),-0.5,5.2,-4.9,-,-,1.3,27,7.4,7.2,구름많음
49,2018년 02월19일 (월),1.8,6.8,-1.9,-,-,1.5,49,6.1,4.8,구름많음/안개
50,2018년 02월20일 (화),0.9,5.5,-2.4,-,-,2.5,41,5,8.3,구름많음/안개
51,2018년 02월21일 (수),-0.9,4.4,-4.5,-,-,2.3,32,1.6,9.8,맑음
52,2018년 02월22일 (목),1.3,5.4,-3.9,0.4,0.4,2.1,59,5.8,6.4,구름많음/천둥번개/눈
53,2018년 02월23일 (금),4.2,8.6,-0.3,3.7,3.7,1.9,81,7,4.8,구름많음/눈/안개
54,2018년 02월24일 (토),2.4,7.2,-1.1,-,-,2.2,49,6.1,7.6,구름많음/안개
55,2018년 02월25일 (일),1.9,7.9,-1.6,-,-,1.8,41,2.4,9.2,구름조금
56,2018년 02월26일 (월),3.1,10.4,-3.2,-,-,1.4,43,1.2,10.2,맑음/안개
57,2018년 02월27일 (화),4.2,6.9,0.6,-,-,0.9,49,8.5,0,흐림/안개
58,2018년 02월28일 (수),4.6,7.8,1.8,25,-,2.1,73,10,0,흐림/비/안개/진눈개비
59,2018년 03월01일 (목),-0.2,3,-4.3,0.5,-,3.6,62,4.4,8.7,구름조금/비/안개/진눈개비
60,2018년 03월02일 (금),-0.7,5.4,-6.7,-,-,1.6,34,2.4,10.3,구름조금
61,2018년 03월03일 (토),7.9,16.2,-0.1,0,-,1.6,38,4.1,10.1,구름조금/이슬비
62,2018년 03월04일 (일),9.8,11.9,7.6,11.5,-,1.3,89,10,0,흐림/비/안개/이슬비
63,2018년 03월05일 (월),5.5,11.4,1.3,3.5,-,1.8,68,5.4,7,구름많음/비
64,2018년 03월06일 (화),4.5,10.9,-1.1,-,-,1.6,47,2.1,10.6,구름조금
65,2018년 03월07일 (수),6.4,10.7,2.2,0.5,-,1.7,54,8.6,3,흐림/비
66,2018년 03월08일 (목),4.6,9.7,2.7,4,-,2.1,76,8.1,5.1,흐림/비/안개
67,2018년 03월09일 (금),4.5,9.6,1.4,-,-,1.5,63,5.9,5.1,구름많음/안개
68,2018년 03월10일 (토),4.6,9.7,0.7,-,-,2,66,4.6,7.9,구름조금/안개
69,2018년 03월11일 (일),6.4,12.2,2.7,-,-,1.9,51,2.8,9.8,구름조금/안개
70,2018년 03월12일 (월),8,15.5,2.2,-,-,1.4,46,3.2,7.5,구름조금/안개
71,2018년 03월13일 (화),12.4,18.8,5.2,-,-,1.8,61,5.9,6.6,구름많음/안개
72,2018년 03월14일 (수),17,22.1,13.6,-,-,2.3,59,6,7.9,구름많음
73,2018년 03월15일 (목),12.4,16.6,8.4,27,-,2,92,9.8,0,흐림/비/안개/이슬비
74,2018년 03월16일 (금),7.1,12.2,3.6,-,-,1.9,47,1.4,11,맑음
75,2018년 03월17일 (토),6.6,14,0.5,-,-,1.6,48,4.4,9.1,구름조금
76,2018년 03월18일 (일),8.2,12.5,5.4,0.5,-,1.2,56,9.8,0,흐림/비/안개
77,2018년 03월19일 (월),8,10.4,6.2,1,-,2.5,65,9.5,0,흐림/비
78,2018년 03월20일 (화),4.7,9.1,1.6,-,-,3.4,40,6.9,5.4,구름많음
79,2018년 03월21일 (수),2.1,5.3,1.1,1,-,1.7,64,9.9,0.4,흐림/눈/진눈개비
80,2018년 03월22일 (목),4.9,11.6,0.6,-,-,2.2,62,1.5,10.7,맑음/안개
81,2018년 03월23일 (금),6.1,12.5,1.8,-,-,2,55,4.6,8.7,구름조금/안개
82,2018년 03월24일 (토),7.6,13.1,4,-,-,2.2,62,6.2,7.2,구름많음/안개
83,2018년 03월25일 (일),9.6,16.9,4.6,-,-,1.8,66,3.4,9.5,구름조금/안개
84,2018년 03월26일 (월),10.9,18.1,5.3,-,-,1.9,65,3.6,9.1,구름조금/안개
85,2018년 03월27일 (화),13.3,20,7.7,-,-,1.6,61,2.6,7.9,구름조금/안개
86,2018년 03월28일 (수),14,19,9.4,-,-,2.2,66,4.2,5.2,구름조금/안개
87,2018년 03월29일 (목),15.4,21.1,11.8,-,-,1.7,66,4.9,7.5,구름조금/안개
88,2018년 03월30일 (금),14.8,21.9,9.8,-,-,1.8,56,0.5,9.9,맑음/안개
89,2018년 03월31일 (토),14,20.1,9.3,-,-,1.9,53,4.4,7.9,구름조금/안개
90,2018년 04월01일 (일),15.6,18.5,11.7,-,-,1.6,69,9.1,1.3,흐림/안개
91,2018년 04월02일 (월),18.4,23.7,14.9,-,-,2,64,6.1,5.6,구름많음/안개
92,2018년 04월03일 (화),17.8,21.2,14.9,0.1,-,2.2,73,9.1,0.8,흐림/비/안개
93,2018년 04월04일 (수),13.4,18.2,9.5,18.5,-,1.8,67,6.1,8,구름많음/비
94,2018년 04월05일 (목),7.6,9.5,6.7,10.5,-,2,91,9.9,0,흐림/비
95,2018년 04월06일 (금),5.8,8.6,3,6.5,-,3.1,72,8.9,4,흐림/비/안개/황사
96,2018년 04월07일 (토),4.2,8.6,1.4,0.2,-,4,46,5.1,9,구름많음/눈
97,2018년 04월08일 (일),3.9,7.9,0.6,3,-,1.7,60,6.1,3.3,구름많음/비/안개
98,2018년 04월09일 (월),7.9,15.4,0.1,-,-,1.1,58,2.6,9.5,구름조금/안개
99,2018년 04월10일 (화),15.1,21.9,6.9,5,-,3.6,51,6.2,6.3,구름많음/비
100,2018년 04월11일 (수),12.6,17.3,8.7,-,-,2.9,49,2.6,11.8,구름조금/안개
101,2018년 04월12일 (목),13.3,19.6,6.8,-,-,2.5,31,1.2,12,맑음
102,2018년 04월13일 (금),14.6,19.3,8.3,-,-,1.4,23,8.9,2.7,흐림
103,2018년 04월14일 (토),9,14.8,7.5,9,-,1.8,79,8.9,0.3,흐림/비/이슬비
104,2018년 04월15일 (일),9.5,14.2,5.6,-,-,2.4,66,3.1,8.6,구름조금/안개
105,2018년 04월16일 (월),11.6,18.8,4.9,-,-,1.5,42,1,12.3,맑음
106,2018년 04월17일 (화),12.9,20.1,6.8,-,-,1.9,38,0.9,12.2,맑음
107,2018년 04월18일 (수),12.4,19.3,6.2,-,-,1.9,35,0.4,12,맑음
108,2018년 04월19일 (목),14,20.5,7.4,-,-,1.9,39,0,11.4,맑음/안개
109,2018년 04월20일 (금),18.4,26.3,11,-,-,1.3,46,0.5,11.3,맑음/안개
110,2018년 04월21일 (토),18.7,25.6,12.3,-,-,1.8,32,3.4,12.4,구름조금/안개
111,2018년 04월22일 (일),15.5,21,10.7,15.5,-,1.2,57,9.5,0,흐림/비
112,2018년 04월23일 (월),9.3,10.7,8.4,59,-,2.2,94,10,0,흐림/비
113,2018년 04월24일 (화),12.1,16.1,8.9,3,-,1.4,63,8,0,흐림/비
114,2018년 04월25일 (수),14.6,23.3,5.7,-,-,1.5,38,0.8,12.4,맑음
115,2018년 04월26일 (목),14.9,22.1,10,-,-,2,52,3.9,11.7,구름조금/안개
116,2018년 04월27일 (금),15.7,23.3,9.7,-,-,1.7,53,0.1,11.3,맑음/안개
117,2018년 04월28일 (토),15.4,21.7,10.5,-,-,2,49,0,12.4,맑음/안개
118,2018년 04월29일 (일),16.1,22.9,9.4,-,-,1.9,43,2.4,11.6,구름조금/안개
119,2018년 04월30일 (월),19.2,25,14.1,-,-,1.6,62,5.5,9.2,구름많음/안개
120,2018년 05월01일 (화),20.4,23.3,17.8,0,-,1.4,73,8.5,3.2,흐림/안개/이슬비
121,2018년 05월02일 (수),15.1,19.7,8.7,12,-,2,90,9.9,0,흐림/비/안개
122,2018년 05월03일 (목),11.2,14.7,6.9,1,-,2.7,62,3.6,8.2,구름조금/비/천둥번개
123,2018년 05월04일 (금),14.1,20,8.8,-,-,2.6,46,1.4,12.4,맑음
124,2018년 05월05일 (토),18.3,24.6,11.6,-,-,2.8,47,6,11,구름많음
125,2018년 05월06일 (일),16.6,20.7,15,22,-,1,86,9.2,3.2,흐림/비
126,2018년 05월07일 (월),19.1,25.5,14,-,-,1.2,60,6,7.1,구름많음
127,2018년 05월08일 (화),17.4,22.9,11.6,-,-,1.7,51,3,11.3,구름조금
128,2018년 05월09일 (수),15.7,21.8,9.2,-,-,1.7,50,0.1,12.6,맑음
129,2018년 05월10일 (목),15.4,21.4,11.3,-,-,2.3,67,3.1,12.3,구름조금/안개
130,2018년 05월11일 (금),16.1,21.3,11.9,-,-,1.7,60,9.5,5.3,흐림/안개
131,2018년 05월12일 (토),14.2,16.1,11.8,32,-,1,89,10,0,흐림/비/안개
132,2018년 05월13일 (일),15.8,20,12.7,0.5,-,1.8,83,5.2,6.9,구름많음/안개/이슬비
133,2018년 05월14일 (월),18.2,24.5,11.9,-,-,1.4,71,6.6,7.2,구름많음/안개
134,2018년 05월15일 (화),23.2,29.3,15.4,0,-,1.1,56,8.5,8.9,흐림/비/안개
135,2018년 05월16일 (수),22.3,24.4,21.8,45,-,1.8,94,10,0,흐림/비/안개/이슬비/천둥번개
136,2018년 05월17일 (목),20.9,23.5,18.8,83,-,1.2,97,10,0,흐림/비/이슬비/천둥번개
137,2018년 05월18일 (금),16.3,19.3,12.2,6.5,-,1.3,87,8.2,0.4,흐림/비/이슬비
138,2018년 05월19일 (토),17.6,24.7,10.3,-,-,1.5,48,0,12.7,맑음
139,2018년 05월20일 (일),17,22.6,11.5,-,-,1.4,32,4.6,4.2,구름조금
140,2018년 05월21일 (월),17.8,23.7,11.3,-,-,1.4,44,3.9,8.8,구름조금
141,2018년 05월22일 (화),18.1,23.2,15.4,12.5,-,1.1,76,9,2.7,흐림/비
142,2018년 05월23일 (수),17.3,23.3,13.6,6.5,-,2.7,57,1.4,12.7,맑음/비
143,2018년 05월24일 (목),18.3,23.7,11.2,-,-,2.3,47,0.5,12.5,맑음/안개/황사
144,2018년 05월25일 (금),19.7,26.2,13.8,-,-,1.7,47,3.4,12.1,구름조금/안개
145,2018년 05월26일 (토),21.8,29.6,14,-,-,1.4,50,1,12.6,맑음/안개
146,2018년 05월27일 (일),20.3,24.7,17.3,-,-,1.9,47,7.2,4.7,구름많음
147,2018년 05월28일 (월),22.3,29.1,16.2,-,-,1.6,50,3.8,12.5,구름조금/안개
148,2018년 05월29일 (화),21.4,25.9,19.1,1,-,1.8,69,9.4,3.4,흐림/비/안개
149,2018년 05월30일 (수),20.2,24.7,15.8,0,-,1.8,70,4.6,9.8,구름조금/비/안개/이슬비
150,2018년 05월31일 (목),20.9,27.6,14.2,-,-,1.9,59,0.9,12.9,맑음/안개
151,2018년 06월01일 (금),23.8,30.2,17.5,-,-,2,50,0,12.9,맑음/안개
152,2018년 06월02일 (토),23.4,30.1,17.6,-,-,2,45,1.4,12.8,맑음/안개
153,2018년 06월03일 (일),24,30.8,16.9,-,-,1.7,39,4,12.9,구름조금
154,2018년 06월04일 (월),22.6,27.5,18.9,-,-,1.8,50,7.9,9.2,구름많음
155,2018년 06월05일 (화),23.7,29.2,17.7,-,-,1.7,53,1.4,11.4,맑음/안개
156,2018년 06월06일 (수),23,27.9,18.4,-,-,2.1,63,1,12.7,맑음/안개
157,2018년 06월07일 (목),22.2,29.4,17.8,-,-,2,69,4.5,9.4,구름조금/안개
158,2018년 06월08일 (금),21.9,27,18.5,-,-,2,68,5.5,7.1,구름많음/안개
159,2018년 06월09일 (토),23.7,30.1,18.9,0.5,-,1.4,61,6.6,7.9,구름많음/비/안개
160,2018년 06월10일 (일),21.3,24.9,18.3,0.5,-,1.4,60,9.5,1.4,흐림/비
161,2018년 06월11일 (월),20.2,23.9,18,5,-,1.4,67,8.5,3.3,흐림/비/소나기
162,2018년 06월12일 (화),21.3,27.1,16.6,0,-,1.7,66,4.5,12.1,구름조금/비
163,2018년 06월13일 (수),22,27,18.3,0,-,1.4,64,7.4,4.9,구름많음/비/안개
164,2018년 06월14일 (목),21.5,25.1,18.8,29,-,1.1,75,9.5,1.4,흐림/비/안개
165,2018년 06월15일 (금),21.7,27,17.2,16.5,-,1.4,61,6.1,9.8,구름많음/비/천둥번개
166,2018년 06월16일 (토),22.5,28.7,16.3,-,-,1.5,56,0.8,13,맑음
167,2018년 06월17일 (일),22.8,27.5,18.9,-,-,1.4,67,7.8,2.4,구름많음/안개
168,2018년 06월18일 (월),24.8,30.8,19.9,-,-,1.5,55,3.6,12.6,구름조금/안개
169,2018년 06월19일 (화),22.4,27.2,19.1,-,-,1.8,61,8.1,3.1,흐림/안개
170,2018년 06월20일 (수),22.7,28.4,19.1,-,-,2.5,68,5.4,10.2,구름많음/안개
171,2018년 06월21일 (목),23.7,28.7,19.4,-,-,2.1,60,3,12.6,구름조금/안개
172,2018년 06월22일 (금),25,32,18.2,-,-,1.7,45,5.1,12.4,구름많음/안개
173,2018년 06월23일 (토),24.5,28.9,20.9,-,-,1.9,51,8,8.5,흐림/안개
174,2018년 06월24일 (일),25.2,32.1,20.1,-,-,1.9,63,4,11.1,구름조금/안개
175,2018년 06월25일 (월),27.1,32.9,21.3,-,-,1.2,57,7.9,7.8,구름많음/안개
176,2018년 06월26일 (화),22.3,26.9,20.2,71.5,-,2.3,88,10,0,흐림/비/안개
177,2018년 06월27일 (수),22.3,25.5,19.1,1,-,1.9,82,8.8,2.9,흐림/비/안개/이슬비
178,2018년 06월28일 (목),23.3,27.3,20.6,26.5,-,1.2,85,9.5,1.9,흐림/비/소나기/안개/이슬비/천둥번개
179,2018년 06월29일 (금),24.7,29.1,21.9,6.5,-,1.5,79,7.2,8.4,구름많음/비/소나기/안개
180,2018년 06월30일 (토),24.4,27.9,21.6,14.5,-,0.8,84,9.1,0.5,흐림/비/소나기/안개/천둥번개
181,2018년 07월01일 (일),21.9,22.8,21,83.5,-,0.8,95,9.9,0,흐림/비
182,2018년 07월02일 (월),22.6,25.3,20.6,59.5,-,0.8,95,9.6,0.1,흐림/비/안개
183,2018년 07월03일 (화),27.4,32.6,22.5,0.1,-,0.8,74,6,10.1,구름많음/비/소나기
184,2018년 07월04일 (수),27.3,31.8,24,-,-,1.7,70,7.1,8.4,구름많음
185,2018년 07월05일 (목),25.3,29,23.4,0.5,-,1.2,73,8.6,1.7,흐림/비/소나기/안개
186,2018년 07월06일 (금),23.9,27.1,21.5,-,-,1.8,58,8.5,2.6,흐림
187,2018년 07월07일 (토),23.7,29.2,19.5,-,-,1.6,51,3.6,9.6,구름조금
188,2018년 07월08일 (일),23.3,28.1,17.7,-,-,1.5,52,7,9.5,구름많음
189,2018년 07월09일 (월),20.8,24.2,20.1,14,-,1,82,9.9,0,흐림/비
190,2018년 07월10일 (화),23.7,26.5,20.4,16.5,-,0.7,88,9.8,0,흐림/비
191,2018년 07월11일 (수),26.8,29.5,24.4,3,-,1.3,83,9.6,0.1,흐림/비
192,2018년 07월12일 (목),26.6,28.2,25.1,1,-,1.5,82,7.5,1.1,구름많음/비/안개
193,2018년 07월13일 (금),27.3,30.9,24.7,-,-,1.9,75,6.4,7,구름많음
194,2018년 07월14일 (토),27.9,31.9,24.6,0,-,1.9,70,5,11.3,구름많음/이슬비
195,2018년 07월15일 (일),28.3,33.2,24.5,-,-,1.6,70,2.6,11,구름조금
196,2018년 07월16일 (월),28.7,34,24,-,-,1.7,64,0.4,12.9,맑음
197,2018년 07월17일 (화),28.1,32.1,23.9,-,-,1.7,67,1.2,13,맑음/안개
198,2018년 07월18일 (수),28.2,33.2,23.7,-,-,1.4,65,0.8,13,맑음/안개
199,2018년 07월19일 (목),28.7,34.1,23.2,-,-,1.7,64,0.1,12.9,맑음/안개
200,2018년 07월20일 (금),29.5,34.7,24.6,-,-,1.4,63,0.4,12.9,맑음/안개
201,2018년 07월21일 (토),30.6,36.9,24.9,-,-,1.4,54,0.2,12.9,맑음/안개
202,2018년 07월22일 (일),31.8,38,25.3,-,-,1.5,50,3.5,12.2,구름조금
203,2018년 07월23일 (월),31.7,35.7,29.2,-,-,1.8,54,7.9,8,구름많음
204,2018년 07월24일 (화),31.4,36.8,27.2,-,-,1.6,60,4.4,10.2,구름조금
205,2018년 07월25일 (수),30.1,34.1,27.7,-,-,2.4,66,6.2,5.2,구름많음
206,2018년 07월26일 (목),30.1,33.7,27.3,-,-,1.4,69,5.8,4.4,구름많음/안개
207,2018년 07월27일 (금),30.9,35.4,27.2,-,-,1.8,69,2.2,9.3,구름조금/안개
208,2018년 07월28일 (토),29.5,35.2,28,7.5,-,1.2,77,5.5,3.4,구름많음/비/안개/천둥번개
209,2018년 07월29일 (일),31.3,36.7,26.4,-,-,1.3,52,2.4,12.3,구름조금
210,2018년 07월30일 (월),31.7,36.9,26.2,-,-,1.2,51,3.1,11,구름조금
211,2018년 07월31일 (화),32.6,38.3,27.8,-,-,1.4,51,2.8,12,구름조금
212,2018년 08월01일 (수),33.6,39.6,27.8,-,-,1.7,56,0.8,12.6,맑음
213,2018년 08월02일 (목),33.7,37.9,30.3,-,-,1.5,54,4,9.8,구름조금
214,2018년 08월03일 (금),33.1,37.9,30,-,-,1.8,55,1,10.5,맑음/안개
215,2018년 08월04일 (토),31,34.9,28,-,-,2.4,61,3.4,12.1,구름조금
216,2018년 08월05일 (일),30,33.9,27.2,2,-,2.7,72,6.5,10.1,구름많음/비
217,2018년 08월06일 (월),30.5,35.3,28.3,6.5,-,1.5,72,7.6,7.3,구름많음/비/소나기/안개
218,2018년 08월07일 (화),30.5,35.9,26.8,-,-,1.5,63,3.6,8.5,구름조금/비/천둥번개
219,2018년 08월08일 (수),31,35.3,27.6,-,-,1.9,65,3,10.8,구름조금/안개
220,2018년 08월09일 (목),28.8,32.5,27.1,2,-,1.6,76,7.2,2.6,구름많음/비/소나기
221,2018년 08월10일 (금),30.7,36.8,25.7,-,-,1.4,61,3.5,11.4,구름조금/안개
222,2018년 08월11일 (토),31,36,26.4,-,-,1.6,56,2.9,11.5,구름조금
223,2018년 08월12일 (일),30.6,35.3,27.2,5,-,1.5,61,6.5,8.4,구름많음/소나기
224,2018년 08월13일 (월),30.5,34.4,26.7,1,-,1.4,69,7.2,6.3,구름많음/소나기/안개
225,2018년 08월14일 (화),31.7,37.2,27.7,-,-,1.4,58,6.9,9.5,구름많음
226,2018년 08월15일 (수),31.7,38,28.3,1,-,1.1,60,6.4,9.5,구름많음/천둥번개/비
227,2018년 08월16일 (목),29.9,35.6,24.1,-,-,1.7,51,3.2,11,구름조금
228,2018년 08월17일 (금),27.2,33.8,21.7,-,-,1.8,40,0,12.4,맑음
229,2018년 08월18일 (토),26.7,32.1,21.5,-,-,1.5,45,5,10.9,구름많음
230,2018년 08월19일 (일),28.2,34.4,23,-,-,1.2,51,7.9,7.9,구름많음
231,2018년 08월20일 (월),29.1,33.3,25.1,0,-,2.1,56,8.4,6,흐림/비
232,2018년 08월21일 (화),26.6,31,23.4,5,-,2.6,71,6.2,6.8,구름많음/비
233,2018년 08월22일 (수),30.7,37.6,23.4,-,-,1.2,54,4.5,10.5,구름조금
234,2018년 08월23일 (목),29.4,32.2,25.7,3,-,1.7,59,9.5,1.7,흐림/비
235,2018년 08월24일 (금),24.4,26.3,23.2,7.5,-,2.4,86,9.6,0,흐림/비
236,2018년 08월25일 (토),25.2,29.3,22.7,-,-,2.5,68,7,7.2,구름많음
237,2018년 08월26일 (일),23.2,29,20.3,2,-,1.3,70,6.4,5.1,구름많음/비
238,2018년 08월27일 (월),22.7,24.9,20.2,19.5,-,0.8,91,8.9,0,흐림/비/이슬비
239,2018년 08월28일 (화),23.7,26.1,22.5,96.5,-,1,92,9,0,흐림/비/천둥번개
240,2018년 08월29일 (수),25.2,27.4,22.7,42,-,2.5,86,10,0.1,흐림/비/천둥번개
241,2018년 08월30일 (목),25.3,28.2,23.9,9.5,-,1.8,81,9.4,1.9,흐림/비/안개/천둥번개
242,2018년 08월31일 (금),25.6,30.3,22.8,0.1,-,1.6,67,4.5,10.1,구름조금/비
243,2018년 09월01일 (토),25.5,30.9,20.8,-,-,1.3,59,1.5,10.6,맑음
244,2018년 09월02일 (일),25.1,29.6,20.1,-,-,1.5,56,5.5,9.2,구름많음
245,2018년 09월03일 (월),23.3,25.8,21.4,34.5,-,1,85,9.8,0,흐림/비/안개
246,2018년 09월04일 (화),23.2,27.8,20,-,-,2.2,69,5.1,11,구름많음/안개
247,2018년 09월05일 (수),24,28.5,19.6,-,-,2.5,64,1.9,11.8,맑음
248,2018년 09월06일 (목),24.1,28.2,20.9,1,-,2,70,7.9,2.2,구름많음/비/안개
249,2018년 09월07일 (금),22,25.5,19.1,0.5,-,2.5,55,4.9,10.9,구름조금/비
250,2018년 09월08일 (토),21.7,27.7,15.9,-,-,1.6,49,0.2,11.7,맑음
251,2018년 09월09일 (일),22.2,28.9,15.6,-,-,1.2,49,1.4,9.9,맑음
252,2018년 09월10일 (월),22.9,28.4,18.6,-,-,1.6,50,2.4,10.3,구름조금
253,2018년 09월11일 (화),21.6,26.1,16.8,-,-,1.5,48,7.5,8.4,구름많음
254,2018년 09월12일 (수),22.8,28.2,16.8,-,-,1.3,52,4.1,11.3,구름조금
255,2018년 09월13일 (목),23.5,28.3,20.3,-,-,1.2,64,7.9,5,구름많음
256,2018년 09월14일 (금),23.5,26.8,20.3,0.5,-,1.3,67,8.2,1.6,흐림/비
257,2018년 09월15일 (토),23.3,26,21,0.2,-,1,76,9.8,0.8,흐림/비/안개
258,2018년 09월16일 (일),22.2,23.9,21,2,-,1.8,84,10,0,흐림/비/안개
259,2018년 09월17일 (월),22.3,27.7,18.5,0.1,-,2,64,5.2,10.8,구름많음/비/안개
260,2018년 09월18일 (화),22,26.5,17.7,-,-,1.3,60,8.2,7.9,흐림
261,2018년 09월19일 (수),22.1,26.6,18.9,0.2,-,0.9,59,9.5,2.1,흐림/비
262,2018년 09월20일 (목),19,20.1,17.8,5,-,1.8,82,10,0,흐림/비/안개/이슬비
263,2018년 09월21일 (금),19.4,21.9,17.6,18,-,1.3,86,9.2,0.6,흐림/비
264,2018년 09월22일 (토),20.8,25.5,17.2,6.5,-,1.7,62,2.1,10.8,구름조금/비/안개
265,2018년 09월23일 (일),19.4,25.3,15.6,0,-,1.6,53,4.4,7.4,구름조금/비
266,2018년 09월24일 (월),17.6,22.1,14.2,-,-,2.2,48,1.1,11,맑음
267,2018년 09월25일 (화),17.8,24.3,10.8,-,-,1.1,48,2.1,10,구름조금
268,2018년 09월26일 (수),19.4,24.8,16.2,-,-,1.7,48,5,8.4,구름많음
269,2018년 09월27일 (목),18.9,25,13.2,-,-,1.2,48,0.9,10.3,맑음
270,2018년 09월28일 (금),17.5,22.2,14.3,-,-,1.3,58,6.1,3.5,구름많음
271,2018년 09월29일 (토),20.2,27,14.6,-,-,1,56,0.4,10.8,맑음
272,2018년 09월30일 (일),17.6,21.6,14,-,-,2.1,53,0.6,10.4,맑음
273,2018년 10월01일 (월),15.4,19.7,13,0,-,2.8,55,4.5,7.9,구름조금/비
274,2018년 10월02일 (화),15.9,22,10.3,-,-,1.6,61,0.5,10.8,맑음
275,2018년 10월03일 (수),17.3,24.2,11.2,-,-,1.2,58,0,10.6,맑음
276,2018년 10월04일 (목),19.3,25.6,13,-,-,1.3,57,6.5,8.9,구름많음
277,2018년 10월05일 (금),16.9,19,15.7,36.5,-,1.8,84,9.8,0,흐림/비
278,2018년 10월06일 (토),18,21.7,16.3,55.5,-,2.1,84,7.5,3,구름많음/비
279,2018년 10월07일 (일),16.4,21.1,12.3,-,-,1.7,54,2.9,10.5,구름조금/안개
280,2018년 10월08일 (월),14.8,20.9,9.2,-,-,1.1,47,4.4,10.5,구름조금
281,2018년 10월09일 (화),15.3,19.8,10.7,0,-,1.2,53,9,2.3,흐림/비
282,2018년 10월10일 (수),12,16.7,7.9,7,-,2.4,61,6.8,6.5,구름많음/비/안개
283,2018년 10월11일 (목),9.7,13.9,6.1,-,-,2.2,51,1.4,9.3,맑음
284,2018년 10월12일 (금),10.9,17.4,5.2,-,-,1.2,54,0,10.1,맑음
285,2018년 10월13일 (토),12.5,19.8,6.1,-,-,1,54,0,10,맑음/안개
286,2018년 10월14일 (일),13.2,20.3,6.8,-,-,1.4,60,3.4,9.9,구름조금/안개
287,2018년 10월15일 (월),15.2,21,10.9,-,-,1.3,70,4,6.8,구름조금/안개
288,2018년 10월16일 (화),14.5,20.3,9.9,-,-,1.2,56,5.6,8.2,구름많음
289,2018년 10월17일 (수),12.4,18.6,8.4,-,-,1.2,53,0,10,맑음/안개
290,2018년 10월18일 (목),12.7,19,7.5,-,-,1.2,60,3.1,8.1,구름조금/비
291,2018년 10월19일 (금),13.1,20.4,7.2,-,-,1.5,54,0,9.9,맑음
292,2018년 10월20일 (토),13.4,21.4,6.9,-,-,1,54,1.1,9.7,맑음/안개
293,2018년 10월21일 (일),13.4,21.1,7.2,-,-,1.1,50,2.4,9.6,구름조금
294,2018년 10월22일 (월),14,20.6,8.8,-,-,1,50,5.2,7.6,구름많음/안개
295,2018년 10월23일 (화),12.2,16.9,9.8,5,-,1.3,75,5.4,5.3,구름많음/비/안개/천둥번개
296,2018년 10월24일 (수),12.5,18.7,7.6,-,-,1.2,66,0.5,9.6,맑음/안개
297,2018년 10월25일 (목),13.8,21.2,7,-,-,1,56,4,8.7,구름조금
298,2018년 10월26일 (금),12.2,14.7,9.9,11,-,1.8,74,7.5,2.4,구름많음/비
299,2018년 10월27일 (토),8.7,11.6,6.2,-,-,3.3,50,1.6,8,맑음
300,2018년 10월28일 (일),8.3,13.5,5.2,5.5,-,1.4,77,7.2,2.8,구름많음/비/천둥번개
301,2018년 10월29일 (월),7.2,11.7,3.4,0,-,2.1,57,5.9,6.5,구름많음/비
302,2018년 10월30일 (화),6.1,11.6,0.7,0,-,1.5,51,3.2,9.1,구름조금/비
303,2018년 10월31일 (수),7.4,12.6,3,0,-,1.7,55,0.8,9.3,맑음/비
304,2018년 11월01일 (목),8.4,15.2,2.5,-,-,1.2,53,0,9.2,맑음
305,2018년 11월02일 (금),10.6,19,4,-,-,1.1,55,0,9.2,맑음
306,2018년 11월03일 (토),11.2,19.1,5,-,-,1.2,56,0,9.1,맑음/안개
307,2018년 11월04일 (일),11.6,19.4,5.3,-,-,1.4,55,2.1,9,구름조금/안개
308,2018년 11월05일 (월),11.9,18.3,6.6,-,-,1.1,66,5.2,7.9,구름많음/안개
309,2018년 11월06일 (화),12.2,17.5,8,-,-,1,71,6.9,4.1,구름많음/안개
310,2018년 11월07일 (수),12.8,15.7,10.3,2,-,1.1,80,9.9,0.5,흐림/비/안개
311,2018년 11월08일 (목),11.8,14.7,10.5,64,-,1.9,94,10,0,흐림/비
312,2018년 11월09일 (금),12.1,15.4,9.5,1,-,3,69,7.9,6.5,구름많음/비/안개
313,2018년 11월10일 (토),11.9,17.1,8.8,0,-,1.3,69,3.1,8.1,구름조금/안개/이슬비
314,2018년 11월11일 (일),8.1,10.9,5.4,0,-,1,68,6.4,1.4,구름많음/비/안개
315,2018년 11월12일 (월),8.1,15.1,3.1,-,-,1.2,52,0,8.9,맑음
316,2018년 11월13일 (화),8.8,15.4,4.1,-,-,1,52,0.4,8.8,맑음/안개
317,2018년 11월14일 (수),9.8,16.6,4.8,-,-,1.1,56,0.1,8.7,맑음
318,2018년 11월15일 (목),9.7,16.2,4.7,-,-,1,55,4.8,7.8,구름조금/안개
319,2018년 11월16일 (금),8.8,14.5,4.2,-,-,1.8,65,6.5,5.2,구름많음/안개
320,2018년 11월17일 (토),4.9,11.4,0.6,-,-,1.4,51,4.6,5.2,구름조금/안개
321,2018년 11월18일 (일),6.1,10.7,1.9,-,-,1.1,49,6.9,2.4,구름많음
322,2018년 11월19일 (월),6.5,11.3,3.3,-,-,1.4,50,1.9,5.8,맑음/안개
323,2018년 11월20일 (화),6.5,12.7,0,0.2,-,1.8,40,2,8.8,구름조금/비
324,2018년 11월21일 (수),5.8,8.2,3.1,1,-,1.2,57,8.4,0,흐림/비/안개
325,2018년 11월22일 (목),2.3,7.1,-1.3,-,-,2.3,35,0.8,8.6,맑음
326,2018년 11월23일 (금),1.9,7.6,-3.1,-,-,1.4,30,3.1,8.6,구름조금
327,2018년 11월24일 (토),2.6,3.8,0.3,10.9,8.8,1.7,71,9,1.6,흐림/눈/안개/진눈개비
328,2018년 11월25일 (일),4.8,9.8,1.3,-,-,1,78,3.8,6.9,구름조금/안개
329,2018년 11월26일 (월),6.3,13.6,1.6,-,-,1,70,0.6,8.6,맑음/안개
330,2018년 11월27일 (화),7.1,12.5,3.1,-,-,1.4,65,6.1,1.1,구름많음/안개/황사
331,2018년 11월28일 (수),5,11.1,2.1,-,-,1.6,27,3.8,6.8,구름조금/황사
332,2018년 11월29일 (목),3.2,6.7,0.6,0,-,1.2,41,5.8,0.2,구름많음/눈
333,2018년 11월30일 (금),2.7,8,-1.5,-,-,1.4,46,1,8.6,맑음
334,2018년 12월01일 (토),5.5,12.4,0.8,-,-,1,42,3.6,7.8,구름조금
335,2018년 12월02일 (일),8.2,11.8,2.8,-,-,1.3,50,6.5,2.7,구름많음
336,2018년 12월03일 (월),11.5,13.5,9.3,9.5,-,1.4,87,9.9,0,흐림/비/안개/이슬비
337,2018년 12월04일 (화),6.7,11.8,-0.3,5,-,2.6,75,7.8,2.1,구름많음/비/안개/이슬비
338,2018년 12월05일 (수),0,3.4,-4.3,-,-,1.5,40,6.4,3.1,구름많음
339,2018년 12월06일 (목),2.4,6.8,-1,0,-,2.3,51,8.1,6.2,흐림/눈
340,2018년 12월07일 (금),-7.3,-1.1,-9.6,-,-,3.8,37,1.1,8.7,맑음
341,2018년 12월08일 (토),-8.3,-4.4,-11.4,-,-,2.5,37,1.4,8.7,맑음
342,2018년 12월09일 (일),-7.2,-2.1,-11.8,-,-,1.6,27,2,7.8,구름조금
343,2018년 12월10일 (월),-2.5,4.6,-8.1,-,-,0.9,33,3,8,구름조금
344,2018년 12월11일 (화),0.2,2.9,-2.4,-,-,1.2,45,7.9,0.1,구름많음/안개
345,2018년 12월12일 (수),-1.9,2.4,-5,-,-,2.1,39,0,8.7,맑음/안개
346,2018년 12월13일 (목),-2.2,2.1,-5.9,1.3,1.7,1.9,57,5,4.8,구름많음/눈/안개
347,2018년 12월14일 (금),-4.4,0.6,-7.8,-,-,1.7,44,0,8.7,맑음
348,2018년 12월15일 (토),-2.5,3.2,-7.8,-,-,1.1,47,3.6,8,구름조금/안개
349,2018년 12월16일 (일),0,2.1,-2.6,0.3,0.4,0.9,64,9.2,1.1,흐림/눈/안개/우박
350,2018년 12월17일 (월),1.6,5.9,-1.5,0.3,-,1.9,60,1.2,8.3,맑음/소낙눈/안개
351,2018년 12월18일 (화),2.6,7.4,-2.8,-,-,1.4,56,3,7.2,구름조금/안개
352,2018년 12월19일 (수),4,9.5,1.3,-,-,1.4,53,2.9,7.8,구름조금/안개
353,2018년 12월20일 (목),3.4,10.4,-1.1,-,-,0.9,46,3.1,7.5,구름조금/안개
354,2018년 12월21일 (금),5.6,9.8,0.4,-,-,1.1,40,8.5,3.2,흐림/안개
355,2018년 12월22일 (토),6.9,12.4,2.9,-,-,1.4,49,4.2,7.8,구름조금/안개
356,2018년 12월23일 (일),2.4,7.5,-3.4,-,-,2.9,43,2.6,8.3,구름조금/안개
357,2018년 12월24일 (월),-2.3,3.1,-5.9,-,-,1.7,36,0.2,8.8,맑음
358,2018년 12월25일 (화),0.6,5.2,-4,-,-,1.3,53,7.4,3.1,구름많음
359,2018년 12월26일 (수),-1.6,3,-7.1,-,-,2.9,41,4.4,8.3,구름조금/안개
360,2018년 12월27일 (목),-10.1,-6.5,-12.5,-,-,3.6,28,0.5,8.7,맑음
361,2018년 12월28일 (금),-10.5,-6.6,-14.4,-,-,2.6,33,0.6,8.7,맑음
362,2018년 12월29일 (토),-7.6,-3,-10.5,-,-,2.7,29,0,8.7,맑음
363,2018년 12월30일 (일),-6.9,-0.9,-11.3,-,-,1.3,36,0.8,8.7,맑음
364,2018년 12월31일 (월),,,,,,,,,,
